{"name":"zhou","sex":"男","tall":1.6,"weight":65,"age":23,"FatRate":0.19558749999999991}
{"name":"1","sex":"女","tall":1.6,"weight":50,"age":20,"FatRate":0.22637499999999997}
{"name":"3","sex":"男","tall":1.8,"weight":67,"age":30,"FatRate":0.15214814814814812}
{"name":"zhou","sex":"男","tall":1.6,"weight":65,"age":20,"FatRate":0.18868749999999995}
{"name":"2","sex":"男","tall":1.7,"weight":67,"age":26,"FatRate":0.17600069204152252}
{"name":"zhou","sex":"男","tall":1.7,"weight":66,"age":25,"FatRate":0.16954844290657445}
{"name":"zhou","sex":"男","tall":1.7,"weight":66,"age":20,"FatRate":0.15804844290657447}
{"name":"2","sex":"男","tall":1.7,"weight":70,"age":20,"FatRate":0.1746574394463668}
{"name":"zhou3","sex":"女","tall":1.5,"weight":55,"age":23,"FatRate":0.2922333333333333}
{"name":"zhou1","sex":"男","tall":1.7,"weight":66,"age":24,"FatRate":0.16724844290657448}
{"name":"zhou2","sex":"男","tall":1.7,"weight":77,"age":25,"FatRate":0.2152231833910035}
{"name":"zhou3","sex":"女","tall":1.6,"weight":55,"age":20,"FatRate":0.24981249999999997}
{"name":"zhou4","sex":"男","tall":1.77,"weight":60,"age":20,"FatRate":0.11381901752370002}
